[
  {
    "service": "Moodle IFPB",
    "response": "fail",
    "time": "11/02/17-03:33:51"
  },
  {
    "service": "Suap",
    "response": 500,
    "time": "11/02/17-03:32:51"
  },
  {
    "service": "Zimbra",
    "response": 200,
    "time": "11/02/17-03:32:20"
  },
  {
    "service": "IFPB",
    "response": 240,
    "time": "11/02/17-03:32:00"
  },
  {
    "service": "IFPB Edu",
    "response": 300,
    "time": "11/02/17-03:31:41"
  },
  {
    "service": "Suap",
    "response": 550,
    "time": "11/02/17-03:31:31"
  },
  {
    "service": "Q-Academico",
    "response": 700,
    "time": "11/02/17-03:30:40"
  },
  {
    "service": "Suap",
    "response": 400,
    "time": "11/02/17-03:30:00"
  }
]