[
  {
    "id": 1,
    "title": "Imóvel código 1, com 3 quartos e 2 banheiros.",
    "price": 643000,
    "neighborhood": "Bessa",
    "description": "Laboris quis quis elit commodo eiusmod qui exercitation. In laborum fugiat quis minim occaecat id.",
    "lat": 1257,
    "long": 928,
    "beds": 3,
    "baths": 2,
    "squareMeters": 61
  },
  {
    "id": 2,
    "title": "Imóvel código 2, com 4 quartos e 3 banheiros.",
    "price": 949000,
    "neighborhood": "Bessa",
    "description": "Anim mollit aliqua adipisicing labore magna pariatur aute nulla. Amet veniam ut voluptate aliquip esse officia adipisicing ipsum.",
    "lat": 679,
    "long": 680,
    "beds": 4,
    "baths": 3,
    "squareMeters": 94
  },
  {
    "id": 3,
    "title": "Imóvel código 3, com 5 quartos e 4 banheiros.",
    "price": 1779000,
    "neighborhood": "Bessa",
    "description": "Et labore amet deserunt Lorem in tempor laboris esse in exercitation laboris nisi reprehenderit. Lorem dolor non cillum laboris voluptate aliquip.",
    "lat": 1051,
    "long": 441,
    "beds": 5,
    "baths": 4,
    "squareMeters": 174
  },
  {
    "id": 4,
    "title": "Imóvel código 4, com 5 quartos e 4 banheiros.",
    "price": 1684000,
    "neighborhood": "Manaíra",
    "description": "Ut officia elit laboris nostrud exercitation deserunt velit. Ullamco duis sint anim non fugiat esse cillum commodo mollit sit minim ex.",
    "lat": 252,
    "long": 868,
    "beds": 5,
    "baths": 4,
    "squareMeters": 166
  },
  {
    "id": 5,
    "title": "Imóvel código 5, com 2 quartos e 1 banheiros.",
    "price": 560000,
    "neighborhood": "Bessa",
    "description": "Incididunt dolor ad proident incididunt culpa nostrud ea deserunt dolor. Tempor eiusmod elit esse adipisicing reprehenderit eiusmod mollit ex velit sunt dolor sunt.",
    "lat": 34,
    "long": 660,
    "beds": 2,
    "baths": 1,
    "squareMeters": 54
  },
  {
    "id": 6,
    "title": "Imóvel código 6, com 5 quartos e 4 banheiros.",
    "price": 1673000,
    "neighborhood": "Manaíra",
    "description": "Sit ea commodo magna culpa qui officia proident. Nostrud esse consectetur adipisicing duis sunt commodo reprehenderit quis nulla irure.",
    "lat": 1363,
    "long": 122,
    "beds": 5,
    "baths": 4,
    "squareMeters": 167
  },
  {
    "id": 7,
    "title": "Imóvel código 7, com 5 quartos e 4 banheiros.",
    "price": 1354000,
    "neighborhood": "Cabo Branco",
    "description": "Enim amet Lorem exercitation consectetur sunt nulla incididunt aliqua nisi do voluptate laborum. Est mollit consectetur qui velit consequat reprehenderit et adipisicing occaecat labore labore ipsum do aliquip.",
    "lat": 38,
    "long": 664,
    "beds": 5,
    "baths": 4,
    "squareMeters": 131
  },
  {
    "id": 8,
    "title": "Imóvel código 8, com 5 quartos e 4 banheiros.",
    "price": 1586000,
    "neighborhood": "Cabo Branco",
    "description": "Occaecat tempor cillum Lorem aute. Dolor reprehenderit velit eiusmod non pariatur aliquip adipisicing elit.",
    "lat": 1201,
    "long": 592,
    "beds": 5,
    "baths": 4,
    "squareMeters": 158
  },
  {
    "id": 9,
    "title": "Imóvel código 9, com 4 quartos e 3 banheiros.",
    "price": 849000,
    "neighborhood": "Cabo Branco",
    "description": "Sint nisi esse consequat proident irure sunt quis laboris culpa ad culpa ipsum velit voluptate. Aliqua aute sint magna non enim reprehenderit.",
    "lat": 795,
    "long": 534,
    "beds": 4,
    "baths": 3,
    "squareMeters": 83
  },
  {
    "id": 10,
    "title": "Imóvel código 10, com 3 quartos e 2 banheiros.",
    "price": 661000,
    "neighborhood": "Manaíra",
    "description": "In reprehenderit sit dolor nostrud enim nisi proident non deserunt incididunt pariatur sunt. Adipisicing nisi fugiat commodo cillum ea aute anim magna eu magna duis officia.",
    "lat": 304,
    "long": 225,
    "beds": 3,
    "baths": 2,
    "squareMeters": 64
  },
  {
    "id": 11,
    "title": "Imóvel código 11, com 1 quartos e 1 banheiros.",
    "price": 429000,
    "neighborhood": "Altiplano",
    "description": "Incididunt ut voluptate duis labore occaecat labore excepteur occaecat anim ex ex laborum. Qui cillum Lorem incididunt id.",
    "lat": 1076,
    "long": 315,
    "beds": 1,
    "baths": 1,
    "squareMeters": 38
  },
  {
    "id": 12,
    "title": "Imóvel código 12, com 5 quartos e 4 banheiros.",
    "price": 1366000,
    "neighborhood": "Altiplano",
    "description": "Tempor fugiat magna laborum anim dolore commodo nostrud do dolor nulla amet. Proident consequat est ex exercitation ipsum et id nisi do.",
    "lat": 437,
    "long": 480,
    "beds": 5,
    "baths": 4,
    "squareMeters": 134
  },
  {
    "id": 13,
    "title": "Imóvel código 13, com 3 quartos e 2 banheiros.",
    "price": 836000,
    "neighborhood": "Altiplano",
    "description": "Incididunt nisi labore deserunt elit quis cillum aliquip labore cupidatat occaecat nulla. Consectetur culpa nulla sunt qui magna commodo nulla consequat sint.",
    "lat": 1018,
    "long": 301,
    "beds": 3,
    "baths": 2,
    "squareMeters": 79
  },
  {
    "id": 14,
    "title": "Imóvel código 14, com 4 quartos e 3 banheiros.",
    "price": 802000,
    "neighborhood": "Altiplano",
    "description": "Mollit fugiat voluptate ipsum proident. Fugiat laboris anim et culpa tempor excepteur reprehenderit.",
    "lat": 580,
    "long": 939,
    "beds": 4,
    "baths": 3,
    "squareMeters": 80
  },
  {
    "id": 15,
    "title": "Imóvel código 15, com 5 quartos e 4 banheiros.",
    "price": 1707000,
    "neighborhood": "Bairro dos Estados",
    "description": "Qui qui incididunt cupidatat officia pariatur aliqua velit ullamco officia enim laboris occaecat. Tempor dolore fugiat duis eu consequat.",
    "lat": 275,
    "long": 439,
    "beds": 5,
    "baths": 4,
    "squareMeters": 169
  },
  {
    "id": 16,
    "title": "Imóvel código 16, com 3 quartos e 2 banheiros.",
    "price": 765000,
    "neighborhood": "Bairro dos Estados",
    "description": "Aliquip fugiat aliqua est est nostrud aute enim. Esse ut qui nulla proident mollit ea ex officia reprehenderit minim id.",
    "lat": 1302,
    "long": 877,
    "beds": 3,
    "baths": 2,
    "squareMeters": 74
  },
  {
    "id": 17,
    "title": "Imóvel código 17, com 4 quartos e 3 banheiros.",
    "price": 863000,
    "neighborhood": "Bairro dos Estados",
    "description": "Id enim tempor consectetur sint commodo dolor consectetur incididunt qui amet eiusmod nostrud nulla eiusmod. Incididunt deserunt ullamco laboris ut.",
    "lat": 1121,
    "long": 235,
    "beds": 4,
    "baths": 3,
    "squareMeters": 86
  },
  {
    "id": 18,
    "title": "Imóvel código 18, com 5 quartos e 4 banheiros.",
    "price": 1153000,
    "neighborhood": "Bairro dos Estados",
    "description": "Pariatur duis officia non consectetur cillum ut tempor. Ipsum consequat proident ut culpa proident sit aliqua velit sunt irure est.",
    "lat": 1303,
    "long": 852,
    "beds": 5,
    "baths": 4,
    "squareMeters": 111
  },
  {
    "id": 19,
    "title": "Imóvel código 19, com 5 quartos e 4 banheiros.",
    "price": 1367000,
    "neighborhood": "Bairro dos Estados",
    "description": "Ex in excepteur eiusmod amet et ullamco eiusmod ex do minim ipsum id. Non minim laborum eiusmod commodo Lorem esse tempor magna amet.",
    "lat": 871,
    "long": 723,
    "beds": 5,
    "baths": 4,
    "squareMeters": 133
  },
  {
    "id": 20,
    "title": "Imóvel código 20, com 5 quartos e 4 banheiros.",
    "price": 1728000,
    "neighborhood": "Bairro dos Estados",
    "description": "Aute ullamco laboris enim occaecat labore amet ea laboris et ea. In ut aliqua qui eiusmod est deserunt tempor.",
    "lat": 1085,
    "long": 354,
    "beds": 5,
    "baths": 4,
    "squareMeters": 171
  },
  {
    "id": 21,
    "title": "Imóvel código 21, com 5 quartos e 4 banheiros.",
    "price": 1091000,
    "neighborhood": "Bairro dos Estados",
    "description": "Dolor adipisicing magna minim ex ex incididunt fugiat mollit aute sit eu consequat incididunt. Et et nostrud velit dolor ut ad eiusmod reprehenderit enim laborum.",
    "lat": 488,
    "long": 675,
    "beds": 5,
    "baths": 4,
    "squareMeters": 106
  },
  {
    "id": 22,
    "title": "Imóvel código 22, com 5 quartos e 4 banheiros.",
    "price": 1786000,
    "neighborhood": "Bairro dos Estados",
    "description": "Laborum magna nulla cillum proident proident pariatur. Cupidatat proident exercitation aliqua reprehenderit ad occaecat nulla qui ullamco eiusmod.",
    "lat": 1119,
    "long": 923,
    "beds": 5,
    "baths": 4,
    "squareMeters": 176
  },
  {
    "id": 23,
    "title": "Imóvel código 23, com 5 quartos e 4 banheiros.",
    "price": 1875000,
    "neighborhood": "Tambaú",
    "description": "Dolore est nisi irure do aute qui ad magna fugiat sunt et nostrud. Id fugiat deserunt do esse.",
    "lat": 929,
    "long": 201,
    "beds": 5,
    "baths": 4,
    "squareMeters": 186
  },
  {
    "id": 24,
    "title": "Imóvel código 24, com 5 quartos e 4 banheiros.",
    "price": 1465000,
    "neighborhood": "Tambaú",
    "description": "Tempor esse exercitation sit esse aute amet exercitation non anim. Magna magna eu aliqua veniam anim ut est dolor mollit ipsum nulla.",
    "lat": 1334,
    "long": 227,
    "beds": 5,
    "baths": 4,
    "squareMeters": 145
  },
  {
    "id": 25,
    "title": "Imóvel código 25, com 5 quartos e 4 banheiros.",
    "price": 1533000,
    "neighborhood": "Tambaú",
    "description": "Minim cupidatat adipisicing duis cillum ipsum mollit qui tempor excepteur deserunt culpa. Lorem consectetur sint labore voluptate sit sunt exercitation consectetur do enim aliquip exercitation incididunt ipsum.",
    "lat": 1125,
    "long": 795,
    "beds": 5,
    "baths": 4,
    "squareMeters": 151
  },
  {
    "id": 26,
    "title": "Imóvel código 26, com 5 quartos e 4 banheiros.",
    "price": 2018000,
    "neighborhood": "Tambaú",
    "description": "Occaecat esse fugiat ad reprehenderit ut nisi esse sit id sunt. Qui labore sint aute non nulla voluptate adipisicing.",
    "lat": 477,
    "long": 614,
    "beds": 5,
    "baths": 4,
    "squareMeters": 199
  },
  {
    "id": 27,
    "title": "Imóvel código 27, com 5 quartos e 4 banheiros.",
    "price": 1126000,
    "neighborhood": "Tambaú",
    "description": "Culpa est ea quis ea pariatur. Nisi fugiat eu sunt dolor voluptate eiusmod dolore duis aliquip.",
    "lat": 768,
    "long": 896,
    "beds": 5,
    "baths": 4,
    "squareMeters": 111
  },
  {
    "id": 28,
    "title": "Imóvel código 28, com 4 quartos e 3 banheiros.",
    "price": 990000,
    "neighborhood": "Tambaú",
    "description": "Non reprehenderit mollit voluptate magna sunt ullamco reprehenderit eu officia dolore. Esse velit aliqua et id quis.",
    "lat": 263,
    "long": 790,
    "beds": 4,
    "baths": 3,
    "squareMeters": 95
  },
  {
    "id": 29,
    "title": "Imóvel código 29, com 2 quartos e 1 banheiros.",
    "price": 514000,
    "neighborhood": "Tambaú",
    "description": "Culpa deserunt cupidatat ad mollit culpa enim laboris consectetur anim elit aute fugiat. Ipsum velit nostrud et proident incididunt Lorem quis nulla aliquip velit.",
    "lat": 1097,
    "long": 951,
    "beds": 2,
    "baths": 1,
    "squareMeters": 51
  },
  {
    "id": 30,
    "title": "Imóvel código 30, com 5 quartos e 4 banheiros.",
    "price": 1797000,
    "neighborhood": "Tambaú",
    "description": "Exercitation sit aliquip exercitation consectetur ea ea enim veniam do ad est. Exercitation do commodo aliquip officia labore non laborum.",
    "lat": 1377,
    "long": 121,
    "beds": 5,
    "baths": 4,
    "squareMeters": 179
  },
  {
    "id": 31,
    "title": "Imóvel código 31, com 5 quartos e 4 banheiros.",
    "price": 1164000,
    "neighborhood": "Tambaú",
    "description": "Nisi enim enim sunt labore aliqua sunt duis aliquip dolor eu dolore. Eiusmod nostrud aliqua id excepteur.",
    "lat": 1310,
    "long": 7,
    "beds": 5,
    "baths": 4,
    "squareMeters": 114
  },
  {
    "id": 32,
    "title": "Imóvel código 32, com 3 quartos e 2 banheiros.",
    "price": 717000,
    "neighborhood": "Tambaú",
    "description": "Reprehenderit aute occaecat deserunt officia sunt reprehenderit nisi tempor voluptate reprehenderit sit sit magna esse. Consequat voluptate proident ea Lorem esse sit dolore laboris velit aute duis minim aliqua tempor.",
    "lat": 290,
    "long": 229,
    "beds": 3,
    "baths": 2,
    "squareMeters": 67
  },
  {
    "id": 33,
    "title": "Imóvel código 33, com 3 quartos e 2 banheiros.",
    "price": 765000,
    "neighborhood": "Tambaú",
    "description": "Excepteur excepteur non sint reprehenderit quis consectetur mollit elit magna eiusmod. Pariatur amet commodo tempor non mollit anim.",
    "lat": 485,
    "long": 748,
    "beds": 3,
    "baths": 2,
    "squareMeters": 73
  },
  {
    "id": 34,
    "title": "Imóvel código 34, com 4 quartos e 3 banheiros.",
    "price": 830000,
    "neighborhood": "Jardim Luna",
    "description": "Ipsum ex ea et anim adipisicing consequat. Anim pariatur dolore amet non ipsum ad elit anim voluptate dolore ea ex.",
    "lat": 530,
    "long": 741,
    "beds": 4,
    "baths": 3,
    "squareMeters": 80
  },
  {
    "id": 35,
    "title": "Imóvel código 35, com 5 quartos e 4 banheiros.",
    "price": 1601000,
    "neighborhood": "Jardim Luna",
    "description": "Labore culpa aliquip culpa consectetur et enim consectetur excepteur et nulla. Velit velit ea fugiat dolor labore id ex est excepteur reprehenderit aute Lorem veniam.",
    "lat": 1122,
    "long": 79,
    "beds": 5,
    "baths": 4,
    "squareMeters": 160
  },
  {
    "id": 36,
    "title": "Imóvel código 36, com 5 quartos e 4 banheiros.",
    "price": 1983000,
    "neighborhood": "Jardim Luna",
    "description": "In sint magna proident magna commodo laborum cupidatat enim id amet enim. Ea irure fugiat eiusmod officia exercitation consequat qui occaecat Lorem do enim magna incididunt.",
    "lat": 550,
    "long": 891,
    "beds": 5,
    "baths": 4,
    "squareMeters": 196
  },
  {
    "id": 37,
    "title": "Imóvel código 37, com 2 quartos e 1 banheiros.",
    "price": 462000,
    "neighborhood": "Jardim Luna",
    "description": "Laboris pariatur laboris anim occaecat deserunt officia magna labore excepteur. In proident cillum veniam laborum velit officia aliquip aliquip ad excepteur quis ipsum ullamco culpa.",
    "lat": 821,
    "long": 726,
    "beds": 2,
    "baths": 1,
    "squareMeters": 43
  },
  {
    "id": 38,
    "title": "Imóvel código 38, com 5 quartos e 4 banheiros.",
    "price": 1494000,
    "neighborhood": "Jardim Luna",
    "description": "Sint eu mollit ullamco cupidatat est incididunt voluptate do ex. Esse ex adipisicing cillum sit quis culpa ex anim mollit est labore.",
    "lat": 540,
    "long": 833,
    "beds": 5,
    "baths": 4,
    "squareMeters": 147
  },
  {
    "id": 39,
    "title": "Imóvel código 39, com 5 quartos e 4 banheiros.",
    "price": 1193000,
    "neighborhood": "Jardim Luna",
    "description": "Est ullamco officia sit in culpa sint mollit deserunt culpa. Consequat nostrud et deserunt sunt elit anim ullamco aliquip nulla velit ut ipsum id Lorem.",
    "lat": 685,
    "long": 164,
    "beds": 5,
    "baths": 4,
    "squareMeters": 118
  },
  {
    "id": 40,
    "title": "Imóvel código 40, com 5 quartos e 4 banheiros.",
    "price": 1339000,
    "neighborhood": "Tambauzinho",
    "description": "Elit quis deserunt excepteur veniam qui culpa tempor incididunt dolore. Sunt anim anim duis in ea consequat.",
    "lat": 786,
    "long": 705,
    "beds": 5,
    "baths": 4,
    "squareMeters": 129
  },
  {
    "id": 41,
    "title": "Imóvel código 41, com 5 quartos e 4 banheiros.",
    "price": 1894000,
    "neighborhood": "Tambauzinho",
    "description": "Proident sint amet aliquip ex cillum irure. Irure eiusmod mollit ullamco minim ea est occaecat culpa laboris exercitation fugiat cillum aliqua in.",
    "lat": 937,
    "long": 550,
    "beds": 5,
    "baths": 4,
    "squareMeters": 185
  },
  {
    "id": 42,
    "title": "Imóvel código 42, com 5 quartos e 4 banheiros.",
    "price": 1975000,
    "neighborhood": "Tambauzinho",
    "description": "Ex elit dolor velit tempor do eiusmod ad laboris. Esse eu sint sit deserunt reprehenderit mollit cillum.",
    "lat": 1031,
    "long": 158,
    "beds": 5,
    "baths": 4,
    "squareMeters": 195
  },
  {
    "id": 43,
    "title": "Imóvel código 43, com 1 quartos e 1 banheiros.",
    "price": 367000,
    "neighborhood": "Tambauzinho",
    "description": "Officia culpa nostrud qui veniam aliquip ullamco ad elit irure ex cillum mollit ut. Dolore adipisicing velit voluptate aute veniam veniam laboris do officia tempor.",
    "lat": 1048,
    "long": 876,
    "beds": 1,
    "baths": 1,
    "squareMeters": 35
  },
  {
    "id": 44,
    "title": "Imóvel código 44, com 5 quartos e 4 banheiros.",
    "price": 1110000,
    "neighborhood": "Tambauzinho",
    "description": "Ullamco ea veniam occaecat dolor. Aliqua excepteur proident sint sunt irure aliquip veniam sit voluptate occaecat.",
    "lat": 407,
    "long": 848,
    "beds": 5,
    "baths": 4,
    "squareMeters": 109
  },
  {
    "id": 45,
    "title": "Imóvel código 45, com 3 quartos e 2 banheiros.",
    "price": 681000,
    "neighborhood": "Tambauzinho",
    "description": "Ullamco proident laborum reprehenderit est. Reprehenderit deserunt aliquip elit enim enim in irure dolor officia.",
    "lat": 728,
    "long": 630,
    "beds": 3,
    "baths": 2,
    "squareMeters": 68
  },
  {
    "id": 46,
    "title": "Imóvel código 46, com 4 quartos e 3 banheiros.",
    "price": 912000,
    "neighborhood": "Tambauzinho",
    "description": "Esse esse adipisicing consectetur cillum dolor laboris id minim deserunt occaecat. Cillum in amet duis tempor reprehenderit.",
    "lat": 969,
    "long": 196,
    "beds": 4,
    "baths": 3,
    "squareMeters": 88
  },
  {
    "id": 47,
    "title": "Imóvel código 47, com 5 quartos e 4 banheiros.",
    "price": 1117000,
    "neighborhood": "Manaíra",
    "description": "Consectetur cillum ullamco elit laboris cupidatat fugiat anim esse aliqua anim. Et anim consectetur eu eiusmod veniam.",
    "lat": 321,
    "long": 176,
    "beds": 5,
    "baths": 4,
    "squareMeters": 109
  },
  {
    "id": 48,
    "title": "Imóvel código 48, com 4 quartos e 3 banheiros.",
    "price": 1028000,
    "neighborhood": "Manaíra",
    "description": "Cupidatat duis magna non tempor. Do occaecat pariatur aliqua amet ad mollit laboris enim excepteur.",
    "lat": 1107,
    "long": 661,
    "beds": 4,
    "baths": 3,
    "squareMeters": 99
  },
  {
    "id": 49,
    "title": "Imóvel código 49, com 2 quartos e 1 banheiros.",
    "price": 595000,
    "neighborhood": "Manaíra",
    "description": "Sit deserunt nisi consequat incididunt id in aliquip culpa. Eu occaecat labore laborum voluptate excepteur cupidatat eiusmod officia proident velit laboris pariatur.",
    "lat": 802,
    "long": 608,
    "beds": 2,
    "baths": 1,
    "squareMeters": 57
  },
  {
    "id": 50,
    "title": "Imóvel código 50, com 5 quartos e 4 banheiros.",
    "price": 1686000,
    "neighborhood": "Manaíra",
    "description": "Magna est eu tempor minim. Sit aute dolore veniam sunt irure deserunt amet eu commodo fugiat Lorem ut.",
    "lat": 1005,
    "long": 690,
    "beds": 5,
    "baths": 4,
    "squareMeters": 168
  }
]